clients,elements,interval,requestProcessTime,clientProcessTime,responseTime
1,10000,20,557.213290,559.520149,716.967651
11,10000,20,587.823560,675.659617,821.129134
21,10000,20,620.344255,1448.596586,1619.404785
31,10000,20,611.160163,2178.443851,2361.421765
41,10000,20,606.820257,2818.707948,3113.351044
51,10000,20,590.482720,3632.520442,3773.882152