clients,elements,interval,requestProcessTime,clientProcessTime,responseTime
1,10000,20,521.771416,523.711282,667.358521
11,10000,20,545.742688,621.132219,751.078058
21,10000,20,565.117267,1320.915096,1472.587338
31,10000,20,606.891874,2160.625805,2338.366368
41,10000,20,615.931333,2963.257815,3146.565668
51,10000,20,600.487884,3660.110542,3819.895225