clients,elements,interval,requestProcessTime,clientProcessTime,responseTime
1,10000,20,334.600600,334.967601,473.651611
11,10000,20,549.504479,550.497332,732.809875
21,10000,20,1061.196054,1066.656075,1373.970907
31,10000,20,1820.353369,1830.123124,2035.430514
41,10000,20,2556.829256,2573.322332,2755.819139
51,10000,20,3449.301885,3474.692754,3795.346129