clients,elements,interval,requestProcessTime,clientProcessTime,responseTime
1,10000,20,568.223334,570.215637,701.183105
11,10000,20,595.621710,692.696432,816.194946
21,10000,20,618.543014,1417.985335,1617.377587
31,10000,20,614.901040,2207.841256,2369.421899
41,10000,20,626.190522,2982.140182,3200.290259
51,10000,20,609.028225,3665.821695,3883.147140